Form Name,Count,Category,Department
Digital Citizenship Agreement - Elementary,1089,Policy,Technology
Digital Citizenship Agreement - Middle School,756,Policy,Technology
High School Code of Conduct & Acceptable Use Policy,943,Policy,Student Services
Faculty Employment Contract 2024-2025,187,Contract,Human Resources
Device Responsibility Agreement - Laptops,634,Administrative,Technology
Device Responsibility Agreement - iPads,421,Administrative,Technology
Student Information Update Form,1245,Administrative,Student Services
Emergency Contact Information Form,1198,Administrative,Student Services
Parent Permission - Field Trips (Annual),892,Consent,Student Services
Parent Permission - Athletic Participation,567,Consent,Athletics
Staff Professional Development Request,143,Administrative,Human Resources
Volunteer Background Check Form,289,Administrative,Student Services
Substitute Teacher Agreement,95,Administrative,Human Resources
Athletic Code of Conduct,678,Policy,Athletics
Technology Incident Report,76,Administrative,Technology
Photo/Video Release Form,1087,Consent,Student Services
Student Pickup Authorization,834,Administrative,Student Services
Medication Administration Form,234,Consent,Health Services
Food Allergy Action Plan,167,Medical,Health Services
IEP Meeting Consent Form,89,Consent,Special Education
Tuition Payment Agreement,456,Contract,Finance
Board Member Nomination Form,23,Legal,Governance
Vendor Service Agreement,67,Contract,Operations
Facility Use Agreement,112,Contract,Operations
Transportation Request Form,345,Administrative,Transportation
Library Material Check-out Agreement,723,Administrative,Library
Yearbook Photo Permission,654,Consent,Student Services
Graduation Participation Form,234,Administrative,Student Services
Sports Physical Form,421,Medical,Health Services
Student Handbook Acknowledgment,1156,Policy,Student Services
Parent-Teacher Conference Request,567,Administrative,Student Services
Extended Learning Program Agreement,134,Contract,Student Services
Student Laptop Damage Report,87,Administrative,Technology
Building Access Request,178,Administrative,Security
Parking Permit Application,298,Administrative,Operations
Fundraising Activity Approval,145,Administrative,Student Services
Field Study Permission - Overnight,123,Consent,Student Services
Graduation Cap & Gown Order,189,Administrative,Student Services